feature_1,feature_2,feature_3,feature_4,feature_5,feature_6,feature_7,feature_8,feature_9,feature_10,label
36,73,65,83,73,98,37,83,52,78,1
69,36,21,50,74,8,12,41,76,24,0
54,4,39,31,17,31,44,14,73,9,0
47,26,75,1,21,60,37,78,69,59,0
34,63,88,13,13,65,51,92,94,89,1
8,22,87,60,4,28,33,1,80,77,0
100,6,18,81,4,12,91,12,44,96,0
79,87,9,65,20,59,22,65,39,33,0
90,0,27,34,40,6,0,84,68,87,0
22,77,37,5,41,90,22,2,10,20,0
31,15,8,91,26,69,29,47,76,61,0
74,12,55,90,90,46,12,78,99,24,1
18,80,91,99,54,73,30,91,17,11,1
34,28,83,5,84,31,84,94,15,5,0
5,5,76,6,98,88,59,12,10,94,0
12,1,24,97,24,91,91,56,21,7,0
90,52,64,7,29,4,79,85,75,99,1
2,48,88,33,49,2,26,7,14,77,0
93,22,68,27,6,78,98,25,90,65,1
70,2,89,80,35,47,52,22,9,97,1
42,23,87,17,51,89,89,57,37,23,1
9,2,92,81,19,63,46,1,54,67,0
34,73,5,84,91,21,71,63,49,80,1
99,78,66,20,4,35,12,28,37,95,0
9,28,80,64,45,32,95,23,7,67,0
84,23,6,95,20,15,54,5,67,36,0
19,11,27,41,73,64,36,18,20,3,0
96,81,34,38,82,53,44,97,57,71,1
35,58,40,49,87,42,67,68,70,9,1
79,44,85,80,89,11,91,54,89,8,1
87,51,25,70,47,30,86,96,42,32,1
71,69,89,55,85,51,100,42,47,79,1
65,31,28,88,7,91,24,65,27,73,0
39,20,35,9,75,34,92,30,58,87,0
48,38,82,65,7,78,72,40,10,58,0
35,3,70,61,28,75,49,93,59,13,0
75,52,82,67,98,84,82,18,4,89,1
8,54,9,76,36,28,75,50,20,62,0
25,86,83,62,93,61,33,97,99,32,1
49,69,37,91,96,47,69,6,72,3,1
63,16,55,90,88,71,89,51,97,5,1
73,38,14,51,62,41,33,43,60,57,0
52,74,92,47,96,73,15,83,0,0,1
95,30,41,9,85,13,41,68,45,60,0
75,90,52,28,48,17,75,1,99,49,1
52,22,23,98,58,92,99,81,68,54,1
84,83,77,5,73,7,84,65,62,86,1
83,14,0,28,6,85,13,93,16,19,0
91,19,18,35,99,37,79,86,63,78,1
36,23,74,100,35,6,14,75,78,93,1
5,24,33,8,11,79,49,10,1,58,0
55,71,21,64,64,28,36,50,64,31,0
80,6,55,44,6,9,1,36,0,24,0
22,14,65,53,42,98,55,34,63,86,1
12,66,69,0,17,74,32,40,89,55,0
6,33,81,16,6,89,90,61,90,97,1
90,29,51,39,85,27,81,25,7,84,1
42,39,41,12,8,67,25,17,74,1,0
46,15,4,7,29,64,92,48,67,64,0
17,90,2,29,28,45,69,34,64,83,0
19,18,85,6,36,98,65,55,1,23,0
89,78,49,36,33,35,35,49,35,21,0
7,36,100,17,0,33,93,55,18,56,0
9,38,72,54,66,86,77,21,69,27,1
15,55,52,12,29,87,45,46,18,70,0
47,99,38,37,78,0,9,25,45,74,0
24,45,13,84,35,80,75,46,86,16,1
79,12,95,52,27,61,19,44,0,92,0
8,46,71,2,79,77,83,29,61,85,1
12,75,4,89,84,56,48,84,54,34,1
7,48,69,77,35,94,31,58,56,91,1
25,47,91,94,18,0,6,53,79,90,1
68,63,22,60,30,58,74,88,64,31,1
31,16,13,29,49,86,31,10,77,25,0
79,37,83,68,46,44,5,23,54,35,0
3,83,34,91,51,43,11,2,6,77,0
60,63,13,1,27,10,57,4,23,27,0
42,70,54,55,63,71,42,37,26,45,1
57,39,20,87,94,57,12,43,58,13,0
48,56,3,91,95,36,98,83,55,11,1
29,12,18,20,36,37,19,10,89,75,0
40,54,62,59,20,43,12,18,27,69,0
54,29,58,1,76,100,90,43,100,97,1
57,2,65,1,27,46,11,18,56,27,0
51,33,97,27,6,18,39,53,45,71,0
91,80,5,60,20,59,40,47,22,11,0
79,44,0,62,54,2,4,49,11,48,0
16,77,7,70,98,42,71,45,46,87,1
75,17,49,77,27,40,100,9,98,76,1
80,8,14,25,23,36,49,16,93,62,0
100,62,35,43,83,79,52,22,39,95,1
62,42,47,79,99,1,69,35,24,19,0
42,40,95,89,77,62,4,48,64,4,1
49,69,55,41,17,7,56,92,99,80,1
35,55,21,60,27,48,75,16,83,99,1
79,95,7,52,29,65,77,0,24,30,0
60,97,87,88,27,86,75,18,34,63,1
59,33,37,75,23,86,16,14,40,80,0
12,8,68,81,30,37,33,95,66,83,1
10,25,91,29,21,34,98,66,32,42,0
14,19,7,100,70,20,55,47,1,71,0
3,70,49,43,99,79,27,28,52,38,0
0,0,3,32,61,1,72,89,14,25,0
22,33,99,58,43,28,72,77,62,98,1
41,76,45,76,97,76,35,80,25,21,1
11,13,98,93,9,94,100,86,22,37,1
58,82,26,63,76,96,80,36,33,57,1
2,48,37,73,83,100,79,71,78,44,1
28,37,54,72,33,61,65,98,34,44,1
22,6,60,24,97,41,81,65,24,15,0
0,22,32,76,30,22,46,65,61,57,0
79,60,52,77,4,26,40,66,12,67,0
69,11,21,99,92,87,26,36,71,73,1
38,49,50,62,44,24,62,94,76,18,1
53,53,83,65,24,96,13,83,78,48,1
56,36,13,95,81,28,1,7,63,44,0
56,36,75,3,4,51,31,85,25,39,0
5,90,55,13,14,17,78,48,96,64,0
95,36,27,39,66,81,15,100,48,11,1
35,35,35,53,67,96,83,94,58,15,1
31,59,34,56,40,3,80,31,11,48,0
8,10,25,30,44,0,70,94,27,75,0
89,73,44,46,84,55,4,40,83,63,1
96,25,47,80,30,19,3,90,12,19,0
5,40,4,87,36,69,27,56,74,61,0
17,62,0,11,64,48,45,7,6,66,0
98,75,35,32,70,36,76,37,70,100,1
21,68,79,68,35,91,5,7,35,54,0
19,92,71,22,97,9,58,41,93,98,1
26,23,77,31,54,49,100,68,49,5,0
99,47,46,96,25,38,92,96,37,11,1
79,72,37,92,45,59,66,74,32,13,1
90,58,0,100,97,70,7,77,28,45,1
35,11,48,84,24,17,40,56,44,27,0
23,33,22,78,28,24,59,33,29,27,0
1,30,30,74,73,7,13,48,58,27,0
69,84,100,60,27,42,75,28,2,18,1
91,14,85,40,31,38,81,43,68,27,1
74,0,44,94,45,0,70,10,63,52,0
20,1,82,86,79,67,94,24,56,77,1
27,45,80,59,16,72,94,45,62,1,1
95,52,63,40,63,43,85,15,48,69,1
50,37,77,66,90,1,82,69,4,48,1
51,51,96,20,96,53,77,79,8,25,1
43,64,96,28,66,86,85,84,4,98,1
80,86,91,51,26,32,4,13,92,98,1
36,10,99,89,89,2,12,33,88,98,1
6,42,30,49,84,23,18,24,75,26,0
63,40,22,25,34,76,34,55,88,97,1
22,100,58,80,80,70,90,95,90,22,1
8,81,27,13,97,98,63,15,2,25,0
12,65,25,16,54,28,20,68,38,71,0
79,69,94,43,26,3,68,42,97,49,1
33,47,11,16,91,78,34,55,36,37,0
18,61,60,14,19,65,71,21,79,76,0
35,75,86,9,48,57,87,90,49,90,1
46,23,71,75,96,75,2,82,100,56,1
35,43,17,68,79,19,39,55,18,72,0
74,4,7,6,28,24,87,72,92,63,0
42,22,33,38,18,81,7,24,39,43,0
33,88,37,82,89,66,47,0,76,99,1
87,81,79,45,3,53,64,88,64,85,1
57,90,15,8,73,40,34,90,18,55,0
7,90,30,57,37,64,54,41,100,12,0
30,82,91,73,71,50,95,18,4,48,1
41,47,30,28,60,13,11,16,26,22,0
50,70,37,30,63,35,81,6,52,28,0
100,80,0,74,98,86,82,52,7,17,1
4,66,31,54,9,25,10,88,95,22,0
19,79,100,36,57,65,18,52,87,33,1
36,71,39,19,68,96,77,85,59,18,1
22,41,70,81,65,55,48,2,9,65,0
51,41,55,98,91,31,75,82,77,82,1
1,73,95,46,63,92,33,79,2,4,0
78,93,12,6,8,54,52,93,48,48,0
3,58,4,47,80,45,49,78,68,93,1
32,14,21,76,78,59,6,22,28,93,0
15,47,49,77,83,32,64,26,15,93,1
52,20,92,100,81,81,24,6,92,65,1
55,8,5,80,46,40,89,25,60,75,0
19,10,12,34,82,96,80,16,31,37,0
96,71,12,27,52,36,1,33,82,79,0
53,4,84,82,71,7,62,33,27,23,0
43,80,46,20,76,55,97,74,25,23,1
26,78,59,27,86,58,31,58,44,52,1
61,30,30,48,13,38,52,76,50,19,0
37,20,20,56,38,55,58,18,28,69,0
42,26,26,10,3,26,13,100,14,72,0
66,5,79,40,2,92,28,75,47,87,1
26,41,32,98,42,76,85,23,69,16,1
83,4,38,66,90,54,84,1,47,51,1
24,57,44,74,21,32,37,15,82,64,0
10,83,60,60,63,42,65,12,24,1,0
45,17,73,61,70,23,67,15,70,8,0
66,42,0,16,25,41,51,6,59,51,0
27,25,47,67,13,7,93,79,32,28,0
98,15,70,93,34,65,76,52,27,85,1
80,58,22,67,43,86,67,28,64,66,1
55,49,99,35,88,11,12,0,35,73,0
57,68,20,100,71,79,34,60,29,91,1
52,45,64,43,36,7,16,59,2,7,0
6,91,66,43,22,87,96,13,62,64,1
23,41,40,26,33,21,8,100,40,30,0
4,79,45,70,48,41,39,44,93,70,1
81,18,95,94,99,35,63,31,55,4,1
80,84,85,44,97,88,54,2,35,30,1
61,37,44,46,43,22,86,30,55,58,0
54,98,100,51,18,86,79,86,57,21,1
96,2,71,61,63,56,96,74,31,39,1
32,23,36,21,79,17,1,41,37,19,0
33,42,22,44,22,33,9,82,29,33,0
72,46,18,30,58,25,32,49,53,91,0
4,94,69,74,80,2,5,8,67,25,0
50,17,44,9,82,42,10,73,88,54,0
86,25,100,38,22,6,73,13,70,10,0
9,78,34,95,3,45,100,33,81,31,1
3,1,17,23,98,51,70,55,99,0,0
92,48,21,97,88,93,36,3,69,31,1
66,42,33,98,23,91,10,31,38,4,0
4,12,37,12,99,50,51,53,77,90,0
93,49,59,58,5,30,70,23,31,15,0
68,84,94,79,57,30,10,75,63,25,1
61,0,57,70,29,12,96,55,84,55,1
67,26,62,60,85,41,85,49,32,19,1
31,58,31,80,42,21,35,96,89,30,1
35,0,14,20,23,92,30,96,18,70,0
48,45,87,66,100,31,49,82,20,77,1
13,69,65,9,54,57,38,94,11,11,0
38,2,35,92,59,66,32,55,66,97,1
69,35,9,56,35,88,71,56,36,92,1
38,32,75,45,35,86,76,55,45,55,1
14,9,27,45,6,72,72,83,65,50,0
44,57,3,0,90,90,71,26,100,38,1
72,86,94,14,33,9,59,82,40,48,1
93,62,37,2,66,24,80,98,75,96,1
46,32,0,39,18,31,3,98,79,11,0
73,50,0,89,31,75,96,98,87,59,1
53,62,92,36,73,77,98,98,63,2,1
65,14,11,37,59,39,51,48,18,51,0
80,71,66,89,30,64,89,40,85,90,1
2,35,43,99,65,43,70,79,15,93,1
31,66,39,38,60,21,93,95,22,83,1
45,35,19,39,66,42,77,35,91,59,1
55,31,5,46,9,17,21,77,26,80,0
45,17,79,65,16,49,27,55,1,100,0
77,98,11,62,3,28,26,96,49,98,1
87,95,24,63,32,29,78,92,57,52,1
9,3,32,3,92,29,18,43,46,92,0
13,54,9,53,24,93,9,84,1,95,0
94,28,4,15,54,72,53,50,23,21,0
96,31,88,34,98,90,65,41,74,19,1
87,14,36,35,18,19,78,75,93,46,1
59,23,0,19,28,5,48,54,65,96,0
84,32,14,16,49,51,76,51,7,11,0
12,68,80,40,63,57,46,54,32,67,1
63,53,15,64,65,72,96,61,89,88,1
42,34,45,71,57,13,89,43,11,63,0
31,61,50,98,19,41,68,73,61,13,1
5,25,79,57,49,17,90,3,86,86,0
91,19,98,48,67,50,40,85,30,73,1
7,73,60,13,76,20,92,18,74,39,0
18,69,45,12,11,76,84,15,91,81,1
46,76,93,50,95,65,37,84,90,4,1
43,21,53,71,88,27,39,46,45,26,0
15,98,71,61,4,18,44,100,39,62,1
0,94,71,45,13,78,36,85,79,26,1
59,27,85,27,57,78,67,46,28,43,1
88,42,17,2,88,44,91,16,52,45,0
18,11,80,1,4,91,7,34,63,28,0
90,58,69,10,60,4,19,53,64,51,0
88,67,11,62,71,59,15,95,99,92,1
32,15,23,32,5,95,44,26,62,22,0
77,60,66,45,34,81,1,72,96,54,1
90,47,13,13,60,28,64,56,18,28,0
93,72,9,59,36,48,42,1,2,30,0
0,42,21,23,68,27,91,36,91,39,0
39,13,37,77,45,60,40,72,58,70,1
66,80,22,18,82,63,87,68,32,70,1
92,61,86,24,81,1,45,98,46,15,1
23,13,39,39,92,30,2,85,27,4,0
34,58,38,96,24,61,33,24,2,33,0
36,31,67,66,86,72,10,63,6,80,1
59,83,46,27,46,74,98,91,93,8,1
7,68,50,41,31,56,58,6,97,86,0
67,40,9,85,58,43,32,10,55,100,0
6,50,73,52,59,22,13,6,31,84,0
28,98,81,57,67,75,1,69,7,67,1
49,35,52,11,3,79,8,0,31,41,0
72,71,72,97,38,59,32,14,56,83,1
54,45,63,56,65,58,14,86,62,46,1
80,79,77,89,76,3,38,60,33,44,1
53,12,21,83,7,19,61,41,0,28,0
76,88,76,65,40,86,95,49,86,61,1
30,72,2,6,92,63,10,42,61,41,0
15,60,83,94,97,52,93,11,14,51,1
75,32,14,92,41,39,10,2,71,95,0
96,84,48,41,36,69,75,91,79,0,1
14,8,62,17,88,17,46,55,61,20,0
67,41,75,29,97,2,29,26,73,13,0
68,70,31,20,32,90,46,60,69,100,1
55,92,59,21,79,37,60,60,4,50,1
85,83,71,20,80,9,97,45,59,80,1
36,97,2,75,13,46,56,73,54,76,1
29,24,85,75,97,12,46,43,68,28,1
96,58,44,64,47,29,74,52,26,70,1
32,85,90,45,31,66,43,49,16,54,1
6,72,75,43,96,15,82,55,77,31,1
1,33,14,48,66,62,76,7,69,67,0
40,79,82,46,27,15,38,53,21,84,0
27,2,45,39,56,24,11,9,21,41,0
76,28,98,25,23,26,66,99,83,83,1
89,3,86,22,30,13,42,15,23,82,0
5,93,40,5,78,36,94,15,4,92,0
19,33,87,19,4,14,71,16,76,12,0
47,6,28,100,38,65,25,33,33,36,0
72,88,40,81,22,45,12,70,65,98,1
44,77,38,17,44,69,89,1,22,22,0
51,96,52,76,35,87,69,71,49,82,1
90,7,93,93,85,30,43,93,1,7,1
46,94,13,73,97,67,21,55,33,17,1
21,50,52,83,25,36,31,44,71,80,0
13,24,3,16,71,55,80,20,26,13,0
15,34,30,26,77,72,14,52,56,55,0
54,25,62,28,20,96,76,4,54,96,1
96,79,9,77,51,31,21,77,27,91,1
91,24,80,43,58,71,5,82,36,100,1
91,61,85,91,13,51,14,50,52,97,1
18,34,79,45,80,29,49,70,3,94,1
83,28,31,1,48,56,70,90,98,50,1
43,1,73,5,2,72,66,39,43,79,0
83,51,57,49,42,59,30,15,77,70,1
63,88,60,100,54,49,21,95,11,12,1
0,16,45,2,89,82,98,88,29,12,0
24,56,91,52,35,64,56,45,97,9,1
33,67,63,51,70,60,79,87,38,13,1
26,79,45,7,84,88,53,28,82,26,1
54,6,31,73,26,55,38,63,2,33,0
96,59,10,98,90,50,23,64,18,8,1
77,43,80,22,68,100,26,56,58,27,1
4,20,37,63,62,95,96,84,21,0,0
66,1,62,40,81,43,3,7,45,13,0
31,12,100,34,89,78,14,69,20,40,0
58,43,36,28,50,64,64,11,7,20,0
70,0,74,17,10,35,35,72,18,71,0
84,18,19,92,71,96,46,58,22,100,1
33,72,56,42,19,46,45,50,99,86,1
72,66,68,29,68,79,9,71,15,49,1
92,50,40,39,33,30,17,95,34,100,1
16,25,22,98,20,51,75,69,72,14,0
39,62,63,72,68,62,64,44,32,9,1
66,95,65,3,80,62,100,3,23,74,1
59,55,21,39,33,70,54,93,6,73,1
12,97,10,98,51,99,36,0,63,22,0
44,66,33,40,11,47,40,47,49,77,0
93,71,68,48,99,75,98,95,44,63,1
24,3,54,27,20,69,64,16,98,4,0
33,70,41,39,30,95,15,22,98,89,1
19,59,73,60,18,98,45,31,95,57,1
93,51,34,72,74,75,90,32,60,97,1
37,57,97,85,10,86,85,0,99,39,1
48,28,57,2,56,33,35,99,98,53,1
27,58,97,95,29,6,68,74,78,13,1
45,100,86,60,12,88,69,4,75,91,1
19,41,35,96,55,8,77,63,96,50,1
61,11,82,26,16,79,58,13,4,8,0
82,62,53,56,8,38,76,68,37,68,1
58,86,68,80,82,84,55,65,16,60,1
54,59,5,74,25,16,79,41,7,36,0
38,96,4,48,13,5,83,68,23,69,0
65,74,86,71,85,68,42,83,43,62,1
64,24,74,80,95,19,87,35,20,57,1
63,15,59,19,4,29,40,25,5,50,0
16,64,85,94,54,7,54,21,74,15,0
83,29,64,54,53,64,56,2,89,68,1
49,96,39,34,17,53,97,27,40,25,0
92,74,86,34,36,63,93,2,62,5,1
17,40,31,43,51,56,26,90,16,13,0
94,18,64,70,84,54,16,18,17,51,0
92,79,13,29,16,86,25,35,35,73,0
46,52,97,75,52,66,100,80,70,61,1
96,40,68,17,27,55,64,24,67,13,0
55,4,62,97,77,55,2,77,23,23,0
16,49,65,5,5,65,54,27,51,99,0
86,3,84,87,60,10,25,59,23,27,0
98,74,70,19,85,56,73,67,82,4,1
42,62,40,8,70,48,3,37,61,83,0
94,69,66,96,14,20,96,52,78,14,1
91,41,17,23,55,37,78,39,66,23,0
5,18,32,35,18,38,39,55,44,14,0
4,40,28,92,84,71,19,66,21,70,0
60,9,100,95,32,27,56,100,76,33,1
84,34,44,4,13,21,59,67,27,25,0
16,35,21,64,25,85,45,95,100,75,1
65,68,20,47,14,29,44,77,35,69,0
43,30,0,41,0,77,69,33,21,18,0
61,85,14,75,67,84,82,17,92,73,1
37,15,86,51,0,14,67,50,69,9,0
75,88,74,83,63,26,39,73,74,53,1
77,33,34,50,87,17,78,80,72,76,1
24,76,95,86,33,89,95,81,25,100,1
60,96,99,71,37,66,86,54,78,35,1
0,88,71,26,59,61,69,79,90,98,1
49,54,16,57,55,96,81,67,17,50,1
47,99,89,42,73,45,77,91,16,31,1
22,12,18,29,8,27,76,35,94,91,0
43,83,66,43,58,55,71,72,73,100,1
28,100,58,61,49,47,19,12,73,21,0
3,44,16,18,37,60,56,86,1,84,0
23,36,91,43,25,37,34,34,94,79,0
57,44,23,29,69,9,60,14,28,81,0
95,12,63,24,80,12,8,43,57,41,0
77,42,68,56,94,22,0,100,7,31,0
28,59,64,58,54,21,80,46,81,71,1
75,20,26,7,44,0,45,77,76,47,0
35,20,16,7,1,63,16,17,13,23,0
4,59,46,46,100,100,94,82,59,46,1
36,99,49,75,79,19,69,68,87,15,1
98,49,46,95,41,44,85,25,43,18,1
58,86,97,73,12,79,9,27,1,48,0
37,90,42,24,63,92,48,54,56,92,1
18,91,36,16,78,65,51,2,52,65,0
11,71,9,9,41,19,12,71,83,94,0
64,55,41,88,99,19,94,62,91,30,1
6,28,12,23,43,99,3,42,91,59,0
16,22,52,33,5,77,89,77,26,68,0
11,86,55,56,42,48,67,30,78,83,1
89,71,96,52,33,2,9,61,6,83,1
79,55,80,49,29,21,0,66,37,3,0
47,57,12,100,36,40,24,43,75,98,1
44,18,10,60,41,45,40,68,27,71,0
18,13,63,89,82,61,16,77,29,1,0
64,74,64,20,20,68,84,1,17,57,0
12,63,37,6,88,50,23,62,15,45,0
84,24,90,8,65,70,10,15,90,29,0
42,32,100,35,87,66,33,72,78,62,1
9,81,30,41,65,65,44,68,77,14,0
75,54,11,90,75,6,29,15,51,63,0
9,45,64,56,55,92,81,76,68,69,1
6,47,59,27,3,62,11,94,42,72,0
36,6,69,32,77,63,31,58,41,42,0
31,10,35,49,43,26,0,52,57,44,0
9,69,49,23,17,77,93,44,83,17,0
44,43,16,26,0,1,15,93,50,18,0
74,76,4,16,12,19,1,32,74,42,0
65,0,84,14,64,7,2,46,17,92,0
32,99,50,5,23,64,69,77,99,77,1
21,24,73,68,87,25,51,45,52,20,0
41,64,24,40,27,14,63,55,60,60,0
87,63,60,88,23,76,25,30,86,36,1
38,81,31,80,46,55,11,33,6,1,0
96,68,13,5,13,6,15,13,75,25,0
35,85,76,18,92,72,17,33,90,86,1
5,66,88,43,87,75,54,35,4,31,0
94,56,84,50,37,81,56,1,24,39,1
64,94,10,13,43,82,68,9,9,11,0
88,66,68,81,53,27,84,2,96,22,1
17,10,88,94,73,37,20,72,90,41,1
48,74,53,0,64,61,41,50,91,97,1
76,60,93,91,24,61,74,58,19,2,1
94,24,9,97,62,63,90,0,58,51,1
64,43,46,38,15,55,42,64,93,33,0
52,24,58,40,22,87,22,96,55,20,0
60,12,11,79,11,8,34,85,92,37,0
67,99,49,19,99,31,1,19,33,30,0
83,9,23,24,10,77,96,54,44,95,1
78,42,44,45,95,9,22,78,37,78,1
20,24,79,72,19,76,68,88,44,99,1
75,94,80,12,45,97,91,23,42,30,1
28,11,60,10,61,22,27,15,7,21,0
43,37,2,23,47,91,75,7,49,60,0
80,52,20,23,30,41,42,21,87,69,0
92,66,71,8,56,13,94,96,88,80,1
77,77,6,2,14,57,78,89,14,85,0
51,75,7,94,32,5,22,42,30,73,0
53,36,67,4,2,2,31,61,17,81,0
38,62,93,91,7,74,62,94,42,1,1
2,81,34,40,39,36,22,80,76,35,0
30,31,48,71,7,12,66,72,39,65,0
20,0,69,57,92,36,23,57,27,13,0
72,36,22,69,78,22,18,30,73,40,0
42,77,40,50,68,15,38,45,46,9,0
32,93,12,2,73,37,93,65,51,91,1
16,39,100,62,38,1,93,77,28,41,0
21,98,20,75,79,96,78,0,18,64,1
5,49,51,22,64,95,80,21,87,65,1
62,19,44,98,65,88,34,89,82,77,1
97,22,0,57,7,43,48,61,52,3,0
85,69,59,74,65,22,51,66,24,98,1
8,56,86,65,4,85,2,75,76,9,0
77,17,57,77,38,67,43,66,42,40,1
88,30,3,3,50,46,86,48,23,89,0
57,18,75,43,37,6,47,56,38,47,0
63,42,11,75,66,94,3,99,32,18,1
30,10,24,78,22,10,25,74,62,67,0
25,18,18,62,26,18,95,3,86,83,0
84,32,77,44,32,83,95,42,89,84,1
97,91,4,24,43,71,100,95,10,28,1
50,31,15,7,46,88,30,92,78,26,0
46,37,79,95,14,73,89,35,56,5,1
49,59,84,16,38,50,11,69,94,70,1
47,88,80,63,71,68,77,38,19,68,1
45,20,69,33,13,59,48,5,26,37,0
66,70,100,55,19,72,26,33,24,90,1
87,84,66,94,13,97,3,87,37,9,1
95,91,70,100,12,82,87,2,47,56,1
6,40,40,94,7,60,57,46,84,7,0
83,92,62,20,53,17,67,1,98,38,1
74,25,70,71,73,72,7,91,36,93,1
44,41,27,47,22,82,85,29,91,59,1
100,50,15,21,3,87,14,9,71,42,0
72,75,99,63,46,77,6,56,75,21,1
60,81,38,99,27,27,78,60,57,85,1
77,43,16,55,66,97,38,44,70,60,1
73,100,22,17,2,58,39,40,94,51,0
18,41,14,35,100,48,19,78,20,67,0
46,92,45,16,6,18,70,75,53,81,1
34,48,13,87,36,65,34,10,97,53,0
65,43,4,8,10,94,11,30,62,73,0
88,22,78,5,73,45,24,81,16,60,0
64,8,50,8,26,62,83,44,15,34,0
12,94,89,28,28,56,56,45,3,28,0
42,10,21,36,90,15,80,20,72,12,0
80,92,83,32,97,33,1,0,33,23,0
86,53,27,70,82,85,1,73,45,63,1
80,66,93,68,87,25,16,34,94,1,1
33,77,66,88,18,85,75,40,93,52,1
73,64,6,1,36,15,32,82,5,92,0
89,19,54,0,94,16,52,0,31,80,0
39,10,63,2,23,55,95,42,22,62,0
15,27,16,28,96,97,68,66,21,23,0
71,47,85,94,10,90,67,100,59,72,1
66,77,61,38,50,34,6,77,100,60,1
90,30,47,98,70,57,22,87,13,45,1
76,14,76,66,40,49,68,87,43,91,1
62,98,47,6,53,43,59,16,57,19,0
30,53,9,81,94,65,83,2,61,17,0
11,15,7,90,8,33,7,51,22,40,0
50,9,91,80,49,93,33,16,8,27,0
5,6,57,61,93,78,65,17,76,61,1
93,95,6,71,29,64,29,4,11,20,0
21,37,31,90,80,79,78,90,44,40,1
29,12,97,1,83,67,32,11,86,92,1
38,93,94,73,11,90,83,81,85,88,1
44,6,21,26,42,76,32,82,96,70,0
85,72,32,51,0,37,84,30,2,29,0
19,46,21,3,39,69,76,3,18,77,0
80,81,46,84,23,27,70,36,68,95,1
92,63,96,78,83,20,88,98,21,46,1
22,89,13,20,73,98,8,24,38,94,0
76,85,12,36,80,65,59,45,38,47,1
38,24,78,44,90,99,16,46,77,4,1
14,13,17,6,44,28,87,70,77,68,0
14,74,37,55,22,11,4,85,36,1,0
71,72,77,87,99,13,26,60,26,79,1
83,50,7,16,82,8,2,8,84,26,0
35,35,42,62,48,4,83,82,53,59,1
9,51,32,24,68,51,71,87,33,1,0
24,58,47,97,45,19,71,98,22,75,1
66,4,41,8,5,38,77,53,63,2,0
83,92,90,8,11,89,58,7,53,66,1
52,47,72,5,7,47,89,83,72,56,1
84,17,72,25,94,88,69,83,31,49,1
19,97,92,64,41,49,2,7,14,68,0
94,62,91,66,75,35,88,48,52,50,1
22,17,36,24,81,94,65,2,80,92,1
63,35,37,79,78,61,89,6,22,70,1
84,44,30,65,92,21,35,1,94,71,1
5,0,76,78,72,82,58,67,38,93,1
42,87,45,57,25,24,97,1,55,11,0
92,94,80,63,69,10,47,0,54,13,1
62,86,41,41,66,18,7,29,53,44,0
28,48,4,100,72,61,66,84,97,81,1
74,87,82,28,91,99,73,5,46,8,1
19,13,56,4,73,20,19,49,43,21,0
55,77,90,55,35,36,36,11,56,37,0
25,73,89,85,0,21,9,24,0,30,0
47,37,3,2,45,51,47,0,66,28,0
76,43,91,90,73,24,85,22,78,92,1
22,60,89,41,96,26,36,93,3,8,0
53,84,31,25,19,21,99,32,23,87,0
85,95,14,16,43,57,14,59,77,31,0
65,22,94,72,66,37,70,64,35,26,1
68,41,43,42,49,59,27,54,21,65,0
96,77,55,93,61,91,17,75,31,31,1
18,62,39,67,69,94,40,45,62,74,1
14,65,84,34,92,73,16,31,98,65,1
29,56,10,46,81,4,78,79,13,96,0
98,66,36,17,45,4,72,29,78,55,0
27,70,94,85,32,20,58,46,72,21,1
61,13,24,67,40,21,52,91,49,77,0
31,1,14,0,61,10,65,15,10,76,0
35,77,94,17,76,33,18,21,63,91,1
0,67,4,45,8,6,28,50,87,53,0
52,66,36,87,24,36,27,11,30,30,0
23,32,28,23,30,78,10,27,86,99,0
34,50,38,64,85,58,23,24,61,10,0
75,9,84,2,37,6,0,13,32,10,0
42,6,31,20,29,64,10,96,53,12,0
70,9,21,62,13,15,67,28,60,87,0
17,41,8,28,74,45,57,47,40,40,0
25,53,64,24,43,18,3,74,54,93,0
62,50,73,16,94,24,29,92,31,31,1
77,60,40,62,37,50,86,88,5,19,1
6,11,41,40,75,74,67,4,94,91,1
87,34,28,52,55,38,44,74,75,76,1
46,23,1,39,97,45,99,65,57,96,1
1,17,84,64,87,63,83,1,23,25,0
75,85,97,74,35,93,79,7,63,33,1
93,69,96,45,87,14,49,33,76,30,1
24,20,76,49,94,82,100,55,18,27,1
16,32,30,15,27,42,57,18,93,29,0
75,93,51,39,2,84,87,96,43,93,1
15,46,85,100,64,11,82,48,51,100,1
28,80,79,57,30,72,95,66,55,0,1
38,55,62,51,55,36,41,65,52,79,1
66,9,96,16,82,48,10,23,35,98,0
57,77,10,75,5,61,16,9,11,50,0
67,30,69,68,91,45,47,59,12,11,0
98,85,63,87,95,52,90,34,16,31,1
44,27,83,96,4,67,38,88,55,82,1
71,34,85,46,50,3,89,84,33,80,1
1,22,99,17,28,95,11,76,51,15,0
64,40,27,9,63,45,60,49,82,55,0
38,39,87,83,11,61,77,49,42,98,1
97,17,74,51,58,3,11,6,54,50,0
17,94,72,8,16,53,38,80,67,19,0
1,4,21,75,71,56,50,6,34,51,0
59,44,76,13,48,71,69,88,4,59,1
16,25,74,67,82,67,59,80,72,20,1
11,37,88,24,1,58,31,84,31,2,0
55,63,99,95,61,68,27,25,98,92,1
70,55,47,70,79,14,98,7,96,71,1
87,80,10,32,56,22,77,12,57,88,1
52,98,8,14,18,2,34,8,56,56,0
54,8,35,21,16,24,12,45,30,81,0
99,72,1,78,95,68,9,56,44,51,1
4,12,92,87,7,15,1,33,49,55,0
98,97,77,88,98,0,37,80,1,98,1
5,40,1,60,82,83,6,92,57,3,0
1,18,56,56,18,39,7,81,40,63,0
10,71,53,53,66,10,25,27,45,1,0
63,19,13,99,96,23,12,20,50,99,0
86,99,89,13,4,35,6,61,7,17,0
33,78,13,44,2,80,53,45,27,10,0
59,49,71,8,92,58,85,70,24,60,1
22,84,63,85,29,37,41,46,94,93,1
91,65,16,45,42,17,90,67,93,1,1
53,34,42,18,36,53,41,16,17,61,0
93,77,82,61,40,33,87,80,72,0,1
89,36,75,17,23,77,19,65,67,66,1
94,63,14,54,92,81,9,1,28,26,0
48,72,70,64,52,8,4,23,4,50,0
68,12,60,96,48,83,64,55,28,25,1
96,29,74,76,60,90,91,36,40,23,1
34,21,80,67,4,82,9,26,7,67,0
57,7,91,30,22,25,59,27,3,93,0
61,13,66,19,16,36,65,6,99,89,0
27,33,81,34,1,96,71,95,3,7,0
70,53,64,51,15,90,51,41,6,77,1
47,94,39,69,92,67,88,61,32,50,1
55,26,66,56,66,45,47,40,60,13,0
47,77,53,24,35,76,81,27,64,20,1
53,2,48,14,6,22,94,65,85,43,0
69,62,43,77,94,36,49,34,71,92,1
99,12,86,59,14,89,59,83,6,90,1
95,29,39,14,33,82,9,3,84,0,0
0,97,21,96,99,24,72,81,44,79,1
19,55,17,55,85,80,55,73,92,2,1
95,67,93,34,19,48,11,76,39,94,1
3,51,60,94,6,95,89,77,91,69,1
33,22,19,65,85,18,90,38,14,94,0
26,32,7,1,25,80,10,31,9,29,0
22,62,71,82,99,47,89,90,20,57,1
88,39,30,65,86,68,53,73,73,85,1
55,20,26,92,69,82,76,74,58,7,1
78,80,46,92,8,52,43,57,0,61,1
70,41,65,65,43,69,4,5,91,29,0
100,75,69,53,47,59,50,48,68,3,1
84,67,79,32,32,44,43,95,13,16,1
51,95,45,55,27,92,27,66,79,56,1
54,92,21,76,54,26,78,81,71,33,1
87,51,7,89,14,100,31,57,90,34,1
26,82,67,37,38,29,76,29,80,55,1
44,11,59,72,10,34,47,51,41,8,0
4,9,55,13,65,58,48,50,49,43,0
54,23,8,34,66,39,87,3,60,11,0
92,90,6,39,79,52,33,15,41,57,1
70,66,46,100,42,30,69,84,89,49,1
67,57,50,39,11,38,71,52,28,70,0
42,46,1,88,61,29,96,39,86,80,1
13,80,8,97,25,80,23,59,44,47,0
16,8,92,90,31,49,86,28,19,2,0
59,20,100,80,56,33,5,74,19,6,0
34,58,88,7,86,73,40,6,37,5,0
90,89,95,5,59,99,75,51,89,99,1
25,83,14,17,34,19,7,32,45,63,0
19,22,11,8,61,65,91,45,67,11,0
40,57,47,56,32,67,25,1,89,85,0
67,1,67,14,50,19,57,21,71,71,0
40,43,81,17,49,97,90,86,17,65,1
41,54,65,28,44,76,27,6,78,31,0
90,95,48,7,40,75,93,44,62,44,1
33,3,45,72,12,24,6,85,61,0,0
90,36,43,35,32,83,59,82,22,13,0
25,18,2,46,1,99,75,73,59,85,0
90,78,53,90,27,45,66,34,50,40,1
1,88,43,81,84,65,78,82,47,28,1
25,31,52,11,41,26,36,99,58,50,0
24,24,12,58,47,7,6,3,77,17,0
22,4,34,60,4,85,61,55,77,78,0
73,24,100,82,50,46,87,88,34,5,1
25,1,12,37,61,99,6,92,1,94,0
58,46,64,35,73,37,5,93,8,84,1
82,14,29,50,33,30,12,43,54,62,0
31,10,76,100,23,78,75,82,30,12,1
52,84,5,93,15,28,56,13,84,46,0
87,82,22,63,23,67,29,46,16,19,0
15,8,49,80,10,26,80,51,70,65,0
82,21,92,27,37,91,25,18,54,44,0
56,97,60,69,25,61,28,98,76,81,1
61,2,73,51,5,6,23,0,63,8,0
45,30,81,61,12,77,87,30,66,80,1
30,63,56,47,75,31,49,98,69,56,1
94,29,1,39,96,4,58,61,17,24,0
12,60,7,47,73,62,77,71,23,20,0
91,34,21,83,20,63,13,93,74,28,1
88,25,55,23,75,26,50,55,6,42,0
26,99,34,36,5,26,43,28,45,67,0
79,23,0,77,98,67,53,79,28,12,1
19,6,37,38,91,76,44,8,97,61,0
31,83,68,64,13,82,23,13,30,86,0
53,42,77,98,38,46,61,45,22,41,1
11,85,21,100,68,21,6,23,84,66,0
26,33,79,64,8,51,43,15,82,52,0
46,56,94,92,79,76,87,100,72,75,1
12,2,29,85,8,65,97,36,34,1,0
31,95,94,41,37,80,21,99,76,28,1
18,27,58,26,38,71,44,27,16,46,0
80,61,97,50,2,6,71,61,63,80,1
63,56,100,54,72,85,43,59,78,28,1
84,94,96,77,97,83,82,95,2,39,1
17,10,94,56,35,37,86,80,88,56,1
98,10,81,37,5,17,76,96,48,42,1
14,76,35,53,70,7,62,89,3,79,0
6,23,86,20,70,61,86,11,74,10,0
9,90,24,71,20,85,40,50,5,61,0
4,26,97,94,26,47,97,47,49,24,1
49,83,51,28,51,85,94,63,20,25,1
71,31,67,92,45,71,38,16,17,58,1
80,26,97,12,24,22,84,49,3,10,0
24,3,93,42,92,2,41,93,55,14,0
82,32,79,80,1,65,76,54,56,91,1
43,65,6,96,63,93,80,26,65,45,1
38,94,68,81,44,69,57,36,50,36,1
56,4,25,51,36,79,69,24,57,4,0
54,51,10,8,11,65,32,57,32,24,0
92,82,9,64,39,79,21,96,76,60,1
36,54,67,18,29,55,94,64,100,52,1
89,48,61,14,33,39,90,27,92,66,1
42,26,24,66,65,12,37,86,15,90,0
81,47,71,49,90,18,32,40,43,82,1
50,72,39,43,90,75,3,95,70,58,1
98,54,88,28,50,93,91,94,93,49,1
64,13,24,53,72,30,32,50,39,32,0
92,64,72,27,20,12,66,49,19,81,1
21,3,89,66,28,22,59,42,88,56,0
98,10,83,36,77,83,86,56,99,69,1
64,31,17,8,13,24,19,14,23,63,0
90,1,100,30,97,11,51,12,63,30,0
52,42,6,2,20,36,14,45,32,12,0
15,34,61,10,2,80,15,95,60,91,0
57,45,47,31,24,95,76,77,100,51,1
63,69,54,80,63,24,60,47,59,78,1
85,38,88,90,13,57,27,35,20,26,0
94,75,49,26,39,68,81,57,36,83,1
15,85,53,70,62,85,61,64,23,59,1
93,0,45,92,23,82,27,82,29,99,1
100,79,73,4,46,71,34,0,53,14,0
72,91,8,3,59,66,94,32,39,74,1
43,2,34,66,75,6,0,43,91,1,0
83,41,95,11,1,11,52,51,92,75,1
40,26,73,30,68,70,19,28,43,73,0
100,85,85,42,13,55,56,3,76,48,1
90,36,35,15,61,46,84,77,68,20,1
24,64,30,18,30,32,84,76,28,78,0
46,34,59,44,45,81,46,96,88,26,1
8,61,22,21,10,13,33,62,16,55,0
80,11,29,83,91,66,83,88,53,91,1
47,9,43,62,10,12,1,84,23,94,0
82,19,79,65,46,85,25,29,53,66,1
72,4,82,6,34,96,77,18,52,15,0
30,27,92,54,39,43,43,21,17,33,0
56,96,54,57,59,25,51,74,45,83,1
91,45,53,60,28,43,94,47,40,20,1
78,100,91,52,81,12,15,41,16,33,1
34,74,62,22,60,10,6,85,82,9,0
4,95,6,60,48,4,76,76,18,14,0
30,39,33,20,12,7,78,12,22,28,0
52,93,95,12,64,22,59,66,70,88,1
90,36,16,28,80,94,42,75,86,0,1
19,86,75,2,43,54,60,42,81,2,0
36,78,97,45,75,48,92,8,96,80,1
16,100,65,64,96,26,45,40,38,37,1
33,31,89,85,68,8,44,11,9,85,0
47,82,20,14,10,26,11,48,86,89,0
20,25,96,46,12,82,67,98,5,31,0
43,89,94,16,2,10,99,32,93,6,0
34,74,9,42,4,70,32,26,6,29,0
80,29,61,19,52,69,1,6,95,29,0
95,89,29,58,28,9,18,69,40,52,0
86,5,51,97,3,55,36,87,86,63,1
19,47,64,11,63,45,100,75,64,72,1
15,90,67,23,69,52,64,0,41,99,1
11,74,84,63,4,40,81,30,67,0,0
38,12,39,62,11,76,61,95,49,80,1
33,57,87,37,4,35,93,86,68,54,1
1,0,86,30,59,15,93,29,9,33,0
54,77,50,74,49,94,61,77,72,52,1
80,2,84,2,91,24,24,99,37,22,0
51,48,63,82,68,28,99,30,60,44,1
10,94,62,56,23,44,27,1,56,17,0
83,100,88,27,52,82,22,62,52,21,1
27,20,40,16,43,42,99,99,82,76,1
95,100,23,9,95,25,45,18,22,51,0
3,30,8,26,17,60,17,10,42,73,0
19,40,67,6,78,48,59,87,98,85,1
89,4,88,77,65,41,59,0,80,64,1
89,73,11,63,25,66,13,52,56,60,1
40,55,34,27,81,97,22,16,25,87,0
23,77,91,92,73,11,43,80,28,38,1
74,36,97,9,48,10,40,92,17,87,1
61,18,89,31,70,68,24,39,19,94,1
69,26,42,66,92,32,13,46,50,76,1
61,99,77,36,10,46,72,97,38,53,1
22,48,48,43,66,39,52,64,96,16,0
50,17,9,62,43,58,44,42,11,39,0
74,18,96,9,80,52,81,13,55,8,0
9,97,90,25,85,2,27,24,23,44,0
67,79,11,72,37,24,51,94,49,94,1
47,64,10,21,80,85,19,8,70,29,0
24,95,65,25,76,52,47,5,59,91,1
85,28,90,38,81,39,43,91,67,20,1
35,30,15,43,32,55,29,89,77,66,0
71,26,99,75,58,6,89,65,56,8,1
57,4,64,46,51,94,76,75,50,70,1
61,43,79,20,90,89,95,52,69,60,1
82,44,93,57,6,14,74,85,29,39,1
72,90,19,72,84,34,16,33,8,83,1
39,65,74,76,55,23,71,81,28,40,1
89,94,86,45,81,85,82,86,24,31,1
68,2,46,79,55,56,46,64,35,46,0
82,28,77,57,50,76,80,98,38,14,1
31,62,97,65,57,70,55,45,39,22,1
46,14,10,92,12,12,65,94,48,73,0
64,81,60,75,6,44,33,20,32,83,0
39,15,5,10,78,28,99,32,7,32,0
16,12,50,27,94,0,37,64,34,80,0
44,55,84,10,10,90,57,67,13,28,0
40,91,53,43,3,97,29,43,80,91,1
0,51,95,5,1,89,61,47,43,18,0
70,65,93,59,5,3,59,35,19,73,0
86,39,97,65,49,44,78,1,46,63,1
78,86,1,86,87,94,66,27,61,2,1
10,82,33,67,15,48,49,39,19,15,0
47,10,96,94,54,48,13,24,66,56,1
50,33,35,72,59,76,80,56,62,7,1
28,71,28,75,92,35,63,31,6,1,0
56,77,68,34,74,32,56,87,79,24,1
2,31,5,51,24,24,100,51,11,22,0
29,47,33,89,16,86,73,28,14,25,0
100,66,75,98,45,62,89,23,82,57,1
47,18,24,76,22,27,57,34,10,11,0
89,35,57,70,28,16,0,98,35,49,0
21,63,81,84,31,32,96,56,70,77,1
57,19,89,100,71,94,29,39,68,60,1
56,95,3,76,53,94,59,29,63,85,1
90,42,25,52,74,17,7,19,2,15,0
41,99,81,55,21,77,35,34,66,99,1
74,92,28,61,1,33,59,90,94,68,1
12,81,14,42,71,59,42,70,81,80,1
11,44,88,0,38,19,20,15,100,22,0
10,64,46,16,55,92,9,55,1,94,0
61,89,34,100,13,74,9,80,10,76,1
64,20,42,99,25,99,67,38,9,67,1
97,100,64,19,100,38,72,35,12,80,1
48,70,76,50,8,25,100,19,90,89,1
69,28,53,71,19,66,60,91,22,92,1
89,55,20,14,10,93,94,82,47,8,1
38,55,55,36,13,12,44,73,34,27,0
18,42,98,94,23,69,53,21,84,77,1
60,38,50,15,40,46,64,55,17,1,0
94,60,79,54,58,14,94,28,62,21,1
89,75,41,3,11,98,60,51,3,15,0
59,92,19,1,17,65,6,60,17,29,0
76,62,51,16,27,80,6,73,55,31,0
87,59,92,44,24,72,93,72,20,90,1
92,87,76,73,20,96,77,39,32,27,1
59,50,37,60,54,22,46,72,100,46,1
20,95,45,96,96,41,98,11,99,85,1
65,31,29,42,7,73,75,90,39,46,0
100,77,16,57,62,77,48,53,64,55,1
82,96,8,18,34,66,6,66,65,37,0
37,58,45,68,51,20,1,5,52,68,0
96,85,41,78,10,17,36,9,71,67,1
25,64,76,67,22,58,13,22,60,29,0
81,55,8,49,71,30,76,98,41,57,1
71,13,23,81,43,18,73,27,48,81,0
99,79,78,19,82,42,72,17,45,2,1
78,12,32,56,2,52,36,98,27,45,0
37,4,58,49,78,62,82,16,22,52,0
18,41,7,48,71,96,3,40,56,8,0
81,29,11,27,62,22,100,17,32,45,0
9,94,37,89,73,57,14,68,54,1,0
44,22,11,20,36,75,63,48,5,38,0
68,14,34,34,9,2,64,70,93,83,0
0,22,61,70,2,84,9,86,17,4,0
48,35,86,77,80,29,87,97,5,35,1
68,27,82,5,79,69,74,38,97,75,1
48,78,14,52,91,16,88,12,72,99,1
23,0,27,56,17,44,16,43,97,64,0
23,66,71,30,59,87,26,39,96,32,1
47,13,19,25,7,86,34,45,50,94,0
14,27,69,84,91,10,33,34,81,6,0
75,83,68,60,52,37,98,31,63,8,1
77,83,72,60,54,67,10,73,13,79,1
5,1,64,2,31,24,38,27,96,92,0
23,40,88,98,11,10,33,9,98,16,0
66,68,12,21,40,4,90,10,42,66,0
54,2,88,64,78,57,61,80,82,74,1
60,12,58,4,17,20,3,60,20,53,0
94,43,88,99,99,3,48,76,80,89,1
65,72,71,91,32,69,77,95,75,22,1
46,58,82,3,51,23,66,87,75,64,1
39,16,88,74,4,37,18,75,58,27,0
69,42,54,81,23,20,32,54,10,68,0
43,63,42,86,50,63,3,70,78,63,1
27,38,31,92,79,99,64,61,50,51,1
42,4,99,22,88,83,64,8,60,69,1
62,34,52,74,19,33,93,24,70,8,0
73,74,76,37,68,60,9,37,29,75,1
0,99,55,27,28,53,71,84,89,65,1
9,18,50,66,24,69,84,54,33,51,0
56,64,66,64,30,78,32,44,53,29,1
14,13,65,55,53,39,0,1,90,29,0
6,11,6,25,75,92,0,16,88,38,0
43,23,55,17,57,35,41,3,43,56,0
93,18,7,46,74,75,64,13,85,67,1
51,69,87,84,21,41,94,23,25,21,1
17,5,56,66,67,14,69,66,50,73,0
39,37,15,26,39,65,21,40,63,12,0
31,32,59,74,92,81,100,44,13,15,1
41,82,23,89,65,68,35,61,63,84,1
8,53,28,95,19,38,41,73,61,26,0
93,93,58,35,56,94,41,58,1,36,1
92,8,12,87,97,62,52,0,95,26,1
100,38,25,99,88,5,28,86,37,87,1
31,81,4,20,75,13,1,2,73,100,0
11,42,24,77,56,31,69,14,31,67,0
100,15,68,99,92,64,5,81,65,73,1
26,0,97,8,37,13,27,90,88,74,0
8,1,2,43,55,78,58,26,79,11,0
29,96,70,27,28,30,49,43,92,10,0
74,54,61,51,66,97,38,11,63,22,1
21,6,99,54,38,7,57,17,89,57,0
99,64,6,44,18,31,98,11,66,29,0
41,1,52,60,34,2,95,88,51,39,0
15,70,49,50,18,58,60,16,50,66,0
21,78,20,16,100,33,0,88,26,71,0
12,91,48,38,72,41,87,0,40,36,0
82,81,64,18,32,68,26,92,31,74,1
7,45,20,47,67,92,64,53,38,64,0
80,8,45,11,19,38,100,60,22,12,0
32,79,70,30,57,12,50,90,61,76,1
16,75,87,53,44,48,7,51,49,62,0
86,35,30,32,15,2,78,55,62,35,0
41,68,74,88,82,14,77,44,76,44,1
52,65,23,46,54,70,52,33,39,79,1
15,50,51,21,51,41,82,73,82,0,0
1,19,65,18,20,4,78,75,1,26,0
79,36,34,24,80,14,89,19,32,45,0
45,14,72,100,55,12,12,31,76,70,0
84,2,18,24,93,72,68,33,52,93,1
17,29,94,2,82,92,44,83,94,21,1
46,75,93,30,3,94,36,87,83,73,1
5,53,75,38,72,56,20,71,96,97,1
70,1,79,1,39,14,33,14,1,89,0
19,80,61,73,55,18,32,90,54,68,1
73,14,97,46,43,56,88,41,28,43,1
55,27,81,44,18,18,30,32,62,81,0
46,25,83,91,30,60,35,96,53,57,1
76,28,1,15,16,55,86,5,58,51,0
48,19,97,91,56,76,48,22,26,9,0
23,9,0,16,100,67,37,30,8,72,0
43,3,33,56,45,5,19,79,21,55,0
54,50,87,47,60,49,3,41,50,76,1
32,88,31,77,16,60,24,58,34,31,0
47,16,22,31,23,55,83,4,91,86,0
9,73,77,17,39,78,49,31,99,79,1
70,8,97,71,8,4,21,19,38,9,0
80,14,63,15,17,46,88,82,48,17,0
